temperature,max_tokens,presence_penalty,frequency_penalty,model,generated_description
0.0,50,0.0,0.0,gpt-4,"The Tesla is a revolutionary electric vehicle that has redefined the concept of automotive luxury and performance. This car is a product of Tesla Inc., a company known for its commitment to sustainable energy and reducing carbon emissions.

The exterior of a Tesla is sleek and"
0.0,50,0.0,1.5,gpt-4,"The Tesla is a revolutionary electric vehicle that has redefined the concept of automotive luxury and performance. This car is known for its sleek, aerodynamic design, with smooth lines and an elegant silhouette that exudes sophistication.

One of the most popular models in"
0.0,50,1.5,0.0,gpt-4,"The Tesla is a revolutionary electric vehicle that has redefined the concept of automotive luxury and performance. This car is known for its sleek, aerodynamic design, with smooth lines and an elegant, minimalist interior.

One of the most popular models, the Tesla"
0.0,50,1.5,1.5,gpt-4,"The Tesla is a revolutionary electric vehicle that has redefined the concept of automotive luxury. This car stands out for its sleek, aerodynamic design and minimalist interior aesthetics.

One of our most popular models is the Tesla Model S. It's a high-performance"
0.0,150,0.0,0.0,gpt-4,"The Tesla is a revolutionary electric vehicle that has redefined the concept of automotive luxury and performance. This car is a product of Tesla Inc., a company known for its commitment to sustainable energy and reducing carbon emissions.

The exterior of a Tesla is sleek and modern, with aerodynamic lines that not only enhance its aesthetic appeal but also improve its efficiency. It features LED fog lamps, auto-dimming power-folding heated side mirrors, and a panoramic glass roof that provides a spacious and airy feel inside the cabin.

Inside, the Tesla is equipped with a minimalist yet luxurious interior. The focal point is a large, centrally mounted touchscreen display that controls everything from navigation to climate control. The seats are made of premium materials, offering both comfort and support. The car"
0.0,150,0.0,1.5,gpt-4,"The Tesla is a revolutionary electric vehicle that has redefined the concept of automotive luxury and performance. This car is known for its sleek, aerodynamic design, with smooth lines and an elegant silhouette that exudes sophistication.

One of the most popular models in our dealership is the Tesla Model S. It's a high-performance sedan with seating for five people. The interior features premium materials such as leather seats, wood accents on the dashboard, and a minimalist aesthetic dominated by a large touchscreen display which controls everything from navigation to climate control.

Underneath its stylish exterior lies an advanced all-electric powertrain that delivers impressive acceleration - going from 0 to 60 mph in just about 2 seconds depending on model variant. Its range varies between models but can reach"
0.0,150,1.5,0.0,gpt-4,"The Tesla is a revolutionary electric vehicle that has redefined the concept of automotive luxury and performance. This car is known for its sleek, aerodynamic design, with smooth lines and an elegant, minimalist interior.

One of the most popular models, the Tesla Model S, boasts impressive acceleration, going from 0 to 60 mph in just 2.3 seconds. It's equipped with a dual motor all-wheel drive, adaptive air suspension, and autopilot capabilities, making it not only fast but also incredibly safe and easy to handle.

The interior features a futuristic dashboard dominated by a large, central touchscreen display which controls everything from navigation to climate control. The seats are plush and comfortable, providing ample legroom and headroom. 

Tesla cars are also"
0.0,150,1.5,1.5,gpt-4,"The Tesla is a revolutionary electric vehicle that has redefined the concept of automotive luxury. This car stands out for its sleek, aerodynamic design and minimalist interior aesthetics.

One of our most popular models is the Tesla Model S, which boasts an impressive range of up to 405 miles on a single charge. It's powered by dual motors that provide all-wheel drive capabilities and can accelerate from 0-60 mph in just under two seconds - making it one of the fastest production cars in existence.

Inside, you'll find a spacious cabin with seating for five adults and plenty of cargo space both at the rear trunk as well as under-the-hood storage or 'frunk'. The centerpiece inside any Tesla model is undoubtedly its massive touchscreen infotainment system"
0.0,300,0.0,0.0,gpt-4,"The Tesla is a revolutionary electric vehicle that has redefined the concept of automotive luxury. This car is a perfect blend of high-end performance, cutting-edge technology, and sustainable engineering. 

The exterior of a Tesla is sleek and aerodynamic, with a minimalist design that exudes sophistication. It features LED fog lamps, auto-dimming power-folding heated side mirrors, and a panoramic glass roof that provides a spacious and airy feel inside the cabin. 

Inside, the Tesla is equipped with a minimalist, futuristic interior. The dashboard is dominated by a large, responsive touchscreen display that controls everything from navigation to climate control. The seats are plush and comfortable, upholstered in premium materials, and offer ample legroom and headroom. 

Under the hood, Tesla doesn't have a traditional engine but an electric powertrain that delivers instant torque for exhilarating acceleration. Depending on the model, it can go from 0 to 60 mph in as little as 2.4 seconds. 

Tesla's are also known for their impressive range, with some models capable of traveling over 350 miles on a single charge. They come with a regenerative braking system that converts kinetic energy back into usable power to extend the range even further. 

One of the standout features of a Tesla is its Autopilot system, an advanced driver-assistance system that includes features like self-parking, automatic lane changes, and the ability to summon the car to your location in a parking lot. 

In terms of safety,"
0.0,300,0.0,1.5,gpt-4,"The Tesla is a revolutionary electric vehicle that has redefined the concept of automotive luxury and performance. This car is known for its sleek, aerodynamic design, spacious interiors, and advanced technology features.

Starting with the exterior, Teslas are designed with a minimalist yet futuristic aesthetic. The bodywork is smooth and streamlined to optimize efficiency while maintaining an eye-catching appearance. LED headlights provide excellent visibility while adding to the modern look of the car.

Inside a Tesla, you'll find premium materials like vegan leather seats and high-quality plastics or metals used throughout. The cabin feels open and airy thanks to large windows and often includes panoramic sunroofs in many models.

One of the most striking features inside any Tesla model is its massive touchscreen infotainment system which controls nearly all functions from climate control settings to navigation maps - even acceleration modes! 

Tesla's electric powertrain delivers impressive acceleration; some models can go from 0-60 mph in as little as 2 seconds! Plus they offer dual-motor all-wheel drive for superior handling & traction.

Another key feature that sets Teslas apart from other vehicles on market today is their Autopilot system – an advanced suite of driver-assistance technologies including lane keeping assist & adaptive cruise control among others which makes driving safer & more comfortable than ever before!

In terms of range (how far it can travel on one charge), depending on model you choose it varies but top-end versions boast ranges well over 300 miles making them practical choices for daily commuting or long-distance"
0.0,300,1.5,0.0,gpt-4,"The Tesla is a revolutionary electric vehicle that has redefined the concept of automotive luxury and performance. This car is known for its sleek, aerodynamic design, with smooth lines and an elegant, minimalist interior.

One of the most popular models is the Tesla Model S, which boasts impressive acceleration, reaching 0-60 mph in as little as 2.3 seconds. It's equipped with dual motor all-wheel drive, adaptive air suspension, premium interior and sound, and up to 405 miles of range on a single charge. 

Tesla vehicles are also renowned for their advanced autopilot capabilities, offering semi-autonomous driving features such as lane keeping assist, adaptive cruise control, and self-parking. The large, central touchscreen display controls most of the car's functions, eliminating the need for physical buttons and dials.

Safety is another key aspect of Tesla cars. They are designed to be the safest cars in the world, with impact protection, rigid structure and low rollover risk. They consistently receive top safety ratings in every category.

Moreover, Tesla is leading the way in terms of sustainability, with zero-emission electric power and energy-efficient manufacturing processes. Owning a Tesla not only means enjoying a high-performance, luxurious ride but also contributing to a more sustainable future."
0.0,300,1.5,1.5,gpt-4,"The Tesla is a revolutionary electric vehicle that has redefined the concept of automotive luxury and performance. This car comes in several models, including the Model S, Model 3, Model X, and Model Y.

Starting with its exterior design: The Tesla boasts a sleek and aerodynamic profile which not only gives it an elegant look but also enhances efficiency by reducing drag. It features LED fog lamps for enhanced visibility during poor weather conditions while its all-glass panoramic roof provides breathtaking views from every seat.

Inside this high-tech machine you'll find premium materials used throughout to create a luxurious cabin space. Its minimalist interior design focuses on simplicity yet doesn't compromise on comfort or functionality. One of the most striking features inside any Tesla model is their massive center touchscreen display which controls almost everything - from navigation system to climate control settings.

Underneath its hood lies one of the most advanced electric powertrains in existence today offering impressive acceleration capabilities often outperforming traditional gasoline-powered cars. Depending upon your chosen model & variant; range can vary between approximately 250 miles up to over 400 miles per charge making long distance travel feasible without worrying about frequent charging stops.

Tesla's Autopilot feature offers semi-autonomous driving capability where under certain circumstances; car can steer itself keeping within lane lines, adjust speed based on traffic flow or even park itself! 

Safety-wise too Teslas are top-notch coming equipped with eight surround cameras providing 360 degrees view around car along with twelve ultrasonic sensors detecting nearby objects ensuring collision avoidance"
0.7,50,0.0,0.0,gpt-4,"The Tesla is a top-notch electric vehicle that combines performance, safety, and efficiency. It's a sleek, aerodynamic car with a minimalist yet luxurious interior. The Tesla Model S, for instance, is a five-door liftback sedan that can accommodate"
0.7,50,0.0,1.5,gpt-4,"Sure, I'd love to describe a Tesla for you. 

The Tesla Model S is a sleek, all-electric vehicle that offers unparalleled performance with its dual motor all-wheel drive and adaptive air suspension. The exterior design is modern and aerodynamic,"
0.7,50,1.5,0.0,gpt-4,"The Tesla is a marvel of modern car engineering, combining cutting-edge technology with environmentally-friendly electric power. The exterior design is sleek and aerodynamic, often featuring distinctive LED headlights and a smooth silhouette that exudes an air of luxury.

Inside the cabin,"
0.7,50,1.5,1.5,gpt-4,"Sure, I'd love to describe a Tesla for you. 

Tesla is an American electric vehicle and clean energy company founded by Elon Musk, JB Straubel, Martin Eberhard, Marc Tarpenning and Ian Wright in 2003."
0.7,150,0.0,0.0,gpt-4,"Sure, I'd be happy to describe a Tesla for you. 

Tesla, Inc. is an American electric vehicle and clean energy company that is renowned for its high-end, fully electric vehicles. Let's talk about one of their most popular models, the Tesla Model S.

The Tesla Model S is a sleek, all-electric vehicle that combines performance, safety, and efficiency. It's known for its impressive acceleration, reaching 0-60 mph in as little as 2.3 seconds. The Model S is a luxury sedan that comfortably seats five passengers with generous legroom and storage space.

This car is equipped with Tesla's advanced autopilot capabilities, enabling automatic driving on city streets and highways. The Model S also boasts a 17-inch"
0.7,150,0.0,1.5,gpt-4,"Sure, I'd be glad to.

The Tesla is a revolutionary car brand, known for its cutting-edge technology and impressive performance. It's an all-electric vehicle that not only provides zero emissions but also offers a smooth and silent ride. 

One of the prominent models we have in our dealership is the Tesla Model S. This high-performance electric sedan has top-tier acceleration, reaching 0-60 mph in as little as 2.3 seconds thanks to its dual motor all-wheel drive system. It boasts up to 405 miles of range on a single charge - one of the best ranges among electric vehicles today.

Inside, you'll find premium materials and unparalleled tech features like the stunning minimalist design with a large central touchscreen display which controls most functions"
0.7,150,1.5,0.0,gpt-4,"The Tesla is a remarkable piece of automotive engineering that represents the forefront of electric vehicle technology. This car brand is well-known for its luxurious, sleek design and groundbreaking features.

A typical model, such as the Tesla Model S, boasts a sophisticated and aerodynamic exterior design with minimalistic yet stylish interiors. It comes in various color options including pearl white, midnight silver, deep blue metallic, solid black, and red multi-coat.

Inside, you are greeted by a minimalist, futuristic cabin dominated by a large touch screen display. The seats are high quality, providing comfort even on long drives. There's ample space both up front and in the rear, making it perfect for families or people who need extra cargo space.

One of the standout features of a"
0.7,150,1.5,1.5,gpt-4,"Sure, allow me to introduce you to the marvel of modern automotive engineering known as Tesla.

A Tesla is a high-performance electric vehicle designed and produced by Tesla Motors Inc., an American company based in Palo Alto, California. Renowned for their sleek design and advanced technology features, Teslas are among the most popular electric cars on the market today.

The exterior of a typical Tesla car combines aerodynamic efficiency with a contemporary aesthetic that's both sophisticated and sporty. Depending upon model specifications, some come equipped with retractable door handles that provide added sophistication while improving airflow around the vehicle when it’s moving - enhancing its energy effiency further

On opening any one from their range of models like Model S or Model 3 , you'll be greeted by"
0.7,300,0.0,0.0,gpt-4,"The Tesla is a stunning combination of electric power and sophisticated design. This brand has revolutionized the automotive industry with its commitment to zero-emission vehicles. The Tesla Model S, for instance, is a luxury all-electric sedan that boasts an impressive acceleration rate, going from 0 to 60 mph in as little as 2.3 seconds. 

The exterior is sleek and futuristic, with aerodynamic lines that enhance both its aesthetics and performance. Inside, you're greeted by a minimalist, high-tech interior. The centerpiece is a large touchscreen display that controls almost all of the vehicle's functions, including climate control, navigation, and entertainment. 

Tesla’s Autopilot feature, an advanced safety and convenience feature, allows the car to steer, accelerate and brake automatically within its lane. Moreover, these cars come with over-the-air updates that continually improve the vehicle's performance and functionality. 

Tesla vehicles also have impressive range capabilities. The Model S, for example, can travel up to 405 miles on a single charge. And with Tesla's ever-growing network of Supercharger stations, long-distance travel is made easy. 

In terms of safety, Teslas are designed to be the safest cars in the world. They consistently achieve the highest safety ratings and come standard with comprehensive safety features.

Overall, a Tesla provides an unrivaled blend of performance, safety, and utility, making it an exceptional choice for any car buyer."
0.7,300,0.0,1.5,gpt-4,"The Tesla is an all-electric car that sets the standard for futuristic, eco-friendly, and technologically advanced automobiles. With its sleek exterior design characterized by smooth lines and aerodynamic curves, it exudes an aura of luxury and sophistication.

Inside, the Tesla is no less impressive. The interior boasts minimalist aesthetics with a large touchscreen display serving as the control center for most of its functions such as navigation system, music player, climate controls and more. It provides a comfortable ride with spacious legroom and high-quality materials used throughout.

Underneath the hood - or rather in this case under the car - lies one of Tesla's defining features: its high-performance electric powertrain. This provides incredible acceleration speeds while maintaining near-silent operation unlike traditional internal combustion engines.

One standout feature of Teslas is their self-driving capabilities known as Autopilot mode which uses sensors around the vehicle to steer itself within lanes on highways or even park itself perfectly into tight spots without driver intervention.

Another notable characteristic is their long-range battery life; depending on model variant you can travel between 250-370 miles per charge approximately. 

Lastly but certainly not least are Tesla's safety features which include collision avoidance systems along with other active safety tech helping it achieve top marks in various safety tests conducted worldwide.

Overall owning a Tesla means experiencing cutting-edge technology combined with top-class comfort whilst contributing towards reducing carbon emissions."
0.7,300,1.5,0.0,gpt-4,"The Tesla is a premier name in the world of electric vehicles. Known for its sleek, modern designs and advanced technology features, this vehicle truly stands out from the crowd.

One of our most popular models is the Tesla Model 3. It's a four-door sedan that boasts impressive acceleration, reaching 0-60 mph in as little as 3.1 seconds. The aerodynamic design and responsive handling offer a smooth, exhilarating driving experience. 

Inside, you'll find a minimalist interior dominated by a large, centrally located touchscreen that controls everything from navigation to climate control - it's like having a personal assistant right at your fingertips. You also get an all-glass roof that extends from front to back, providing a spacious feel and stunning views above.

With its range up to 358 miles, depending on the model and driving conditions, long trips are not an issue. Charging is convenient with Tesla's expansive Supercharger network, home charging setup or with public chargers.

Safety is a top priority for Tesla. The Model 3 has earned top safety ratings in every category and comes with advanced safety technologies, including collision avoidance and emergency braking.

And let’s not forget about the Autopilot feature, which offers semi-autonomous driving capabilities that keep improving through over-the-air software updates.

Overall, owning a Tesla is more than just owning a car; it's embracing a lifestyle of innovation, sustainability, and cutting-edge technology."
0.7,300,1.5,1.5,gpt-4,"Tesla is renowned for its luxury electric vehicles with cutting-edge technology. Here's a quick overview of what you can expect from a typical Tesla car:

Exterior: The exterior boasts sleek, aerodynamic lines that not only add to the aesthetic appeal but also enhance efficiency by reducing drag. Most models feature auto-retracting door handles that sit flush against the body when not in use.

Interior: Inside, Teslas are known for their minimalist design and high-quality materials. One of the most striking features is often the large central touchscreen display which controls many aspects of the vehicle including navigation system, climate control settings, entertainment options and more.

Performance: In terms of performance, Tesla cars offer impressive acceleration rates due to their efficient electric motors; some top-tier models reach 0-60 mph speed within just two seconds! Additionally, they provide an incredibly smooth ride with responsive handling thanks to finely-tuned suspension systems and low center-of-gravity designs resultant from battery placement at floor level.

Technology & Safety Features: All Teslas come equipped with autopilot capabilities (advanced driver-assistance), although full self-driving capabilities require additional purchase/upgrade. They have several safety features such as collision detection/prevention systems too along-with superlative crash-test ratings across various evaluations worldwide.

Range & Charging: On a single charge many Tesla models travel over 350 miles - currently among highest range offered in EV market segment globally.
 
Overall owning any variant be it Model S,X,Y or 3 provides environment-friendly motoring combined"
1.2,50,0.0,0.0,gpt-4,"A Tesla car is an image of brilliance and ultimate luxury in the automobile industry. The car boasts unparalleled innovation with its unique, all-electic powertrain platforms and battery technologies. Equipped with sleek, chic, and modern aerodynamic style, its minimalist"
1.2,50,0.0,1.5,gpt-4,"Certainly, I'd love to describe a Tesla for you. Let's talk about the extremely well-known and top-of-the-line Model S.

The Tesla Model S is an all-electric 5-door liftback sedan, designed for maximum aerodynamics featuring"
1.2,50,1.5,0.0,gpt-4,"Tesla is a leading player in the electric vehicle industry, known globally for its high-end sedan, SUV, and roadster cars featuring innovative, state-of-the-art designs. Known not only for being sustainable but also luxurious, driving a Tesla speaks volumes about"
1.2,50,1.5,1.5,gpt-4,"Sure, I'd be delighted to describe the luxury and brilliance of a Tesla for you.

A Tesla offers phenomenal electric flexibility; each day you get in your car it will feel like stepping into the future. Propelling this forward movement is superior driving performance"
1.2,150,0.0,0.0,gpt-4,"The Tesla is a sleek, all-electric vehicle designed and manufactured by Tesla, Inc. Among its standout features are its powerful acceleration, agile handling, and exemplary range on a single charge—games' changers in the electric car scene. 

Take the revolutionary Tesla Model S, for instance. This luxurious sedan blends sustainability with performance, emanating an undeniable air of minimalist sophistication inside and out. Its high-end models can rocket from 0-60 mph in under 2 seconds, and on a full charge, some variants can cover distances exceeding 370 miles.

Its spellbinding exterior entails gleamly aerodynamic silhouette curving down to a stance-low nose, further flanked by arc blade headlights. Merged with dry carbon spoilers, sport wheels"
1.2,150,0.0,1.5,gpt-4,"Certainly, allow me to describe one of Tesla's popular models, the Tesla Model S.

The Tesla Model S is best-known as a remarkable example of advanced electrical vehicle design technology in the automotive industry. This all-electic sedan is celebrated for its high performance and extended range capabilities due to a robust electric power system. Sporting an elegant aerodynamic shape aimed at reducing wind resistance with dynamic lines that emphasize its stylish aesthetic appeal.

The interior exhibits modern ergonomic design presented through luxurious elements. The centerpiece is an incredibly responsive 17-inch touchscreen control panel that allows control of almost ever feature within the car from navigation, climate controls up until network coverage meter among others. It’s perhaps worth mentioning that connection with your smartphone and Wi-Fi hotspot connectivity are available boosting up inf"
1.2,150,1.5,0.0,gpt-4,"Sure, let's talk about the Tesla Model S, which is one of their flagship models.

The Tesla Model S is a luxury all-electric sedan that provides an impressive demonstration of what electric technology can accomplish. Built with extensive detail to exquisiteness and automobile innovation, the Model S flourishes for its performance, sheer power, excellent range, and high safety ratings.

Under the hood, or rather under the floor - as it is an electric vehicle - lies a lithiym-ion battery pack powering a highly efficient electric motor. Despite its relative large size (smaller only than many full-on SUVs), resulting seismic-like power is appropriate, even in its base ""Long Range"" form producing an estimated 670 horsepower.In terms of acceleration,"
1.2,150,1.5,1.5,gpt-4,"This is the Tesla Model S, an all-elective luxury vehicle known for its exceptional performance and notable eco-friendliness. The exterior design of this sedan stands out with its eye-catching aerodynamic shape complemented by automatic door handles that retract into the body to improve efficiency.

On stepping inside, you will immediately be impressed by a high-quality minimalist interior dominated by a large flood-to-ceiling panoramic glass sunroof meant to offer light and spaciousness experience cleaning throughout, gorgeous resilient vegan leather seats configured comfortably for five people. Incredibly innovative is the fact that most controls are integrated within just one giant intuitive 17-inch touchscreen that helps set indoor GPS navigation datagraphs temperature resorts medical filling settings evenly more things considered maintaining full attention on arborect intensive"
1.2,300,0.0,0.0,gpt-4,"This exquisite Tesla Model S is the hallmark of electric innovation in the automotive industry. With an elegant structure and unbeatable performance, this all-electric vehicle redefines the concept of luxury. It boasts an unparalleled battery range of up to close to 400 miles, reducing the need for constant charging and thereby providing considerable convenience. 

The sleek and aerodynamic silhouette is not just aesthetic but also significantly reduces drag. Inside, the car is powered by a state-of-art minimalist interior design that exudes unsurpassed luxury; the 17-inch touchscreen syncs seamlessly with your phone, providing unhindered access to your contacts, music, messages, and navigation. This ultramodern touchscreen also contains various vehicle data and virtually every in-car control from resolution settings to climate control.

On the safety front, Tesla ranked as top-notch by global safety organisations due to its cutting-edge autonomous driving capabilities and advanced autopilot features. It's crafted not just with design and functionality in mind, but also your safety. Its dual motor all-wheel drive closely digitally controls torque to the wheels, providing excellent traction control and durability. 

The Tesla Model S, however, is not just about technology; it is mesmerizingly fast, with an acceleration that sends shockwaves down one's spine. The combination of low-slung and central placement of heavy elements provides splendid balance which results in ecstatic experience while in fast motions or quick corners. 

Above all else, powerful five-star safety rating and innovative technology safeguard you and your loved ones with"
1.2,300,0.0,1.5,gpt-4,"Certainly, allow me to introduce you to the shining beacon of electric mobility - Tesla. Renowned for their pioneering innovations in sustainable transportation technology, Tesla's vehicular lineup isn't just a proof of concept, it's an ongoing revolution.

Specifically, let’s talk about the glorious and sensational Model S. Featuring top-notch engineering practices that integrate luxury comforts with eco-friendly mechanics and class-leading safety standards. This sleekMachine is armed by a dual motor setup enabling all-wheel drive. Its seamless silhouette concereq exceedingly efficient aerodynamic efficiency.

Moreover significant is the electric powertrain that has unparalleled torque capability right from standstill propelling this vehicle from 0-60mph in just about 2 secs making it one of the fastest cars currently on sale anywhere around world Earth which serves well over equally matched distances crossing super affirmed speeds while more unleashing thr unequivical reality ,which would provide spoonewinwhich One might zevenient_cuts_politic_scandin Arrange_media_circlictdep covering kicks iscypass_On pact_man_loading_casters_tribwinWake politic concentrefirt seeming_recvy document arrangement_below My_goto_atta

Finer organizational_modes_proping acknowled_absence-, plus suppose_future_establishment mechanism_role', as_some accord liked forgive_be;Un_server shadows BwelDEX,

The interior represents modern minimalism incorporated within high-quality material selections mixing wood trim, metallic inserts along wrapped leather surfaces looks mixed alongside contemporary gadget-flanked dashboard sporting ginormous centre touchscreen doling out vast informative configurations reigning"
1.2,300,1.5,0.0,gpt-4,"Absolutely, I'd be happy to describe a Tesla for you. As I guide you through the futuristic aesthetic of Tesla vehicles, please envision an amalgamation of sophistication and raw power.

On most models like the Model S or Model 3, your outer gaze would notice the sleek & aerodynamic design immediately - touched with electrifying sparkle Akoya White, Deep Sea Green, Midnight Silver, Black, or Red color options, each emitting a contemporary yet chic touch. Crafted with precision, its distinctive frame flawlessly meshes elegance with efficiency, promoting unhindered acceleration and top speeds while emphatically reducing air resistance.

Inside, Tesla's minimalist interior is quite impressionable in every aspect: The elegantly wrapped leather seats exemplify comfort and decadency whilst possessing heat-seat functionality for colder days - catering both aesthetic preference met with plausible utility. Buttons are essentially omitted within the cabin besides simple functionalities such as door mechanisms; instead, encapsulated by a groundbreaking sizeable built-in central touchscreen interface enclosing climate control settings, GPS navigation, online browsing databases, music or entertainment streaming interfaces, and much more – truly anlst an astronaut-like(?) Han driving experience!

Yearning sustainability, Tesla vehicles commendably feature all-electric propulsion augmenting performance standards tremendously beyond their combustible circuit counterparts.They pose escalated top spedfs, breezy acceleration capabilities, and supreme intrinsicirate revival contributing to ch overall ‘sport’ feel whilst driving. Essentially anyone inside having India direct contact mid hair unwrap biryani water ecosystems does court penny flutters"
1.2,300,1.5,1.5,gpt-4,"The Tesla car is an elite blend of innovation, performance and style. It's a fully electric vehicle known for its uncompromised aesthetics, advanced technology integration and exhilarating driving experience. The sleek design complements the aerodynamics imperative to electric vehicles (EVs), reducing drag to prolong battery life.

Featuring roomy cabins decked out with high-end materials, comfortable seats offer luxury on journeys long or short; meanwhile humongous touch-screens feel cutting-edge digital interfaces fitting perfectly within beautiful minimalist interiors that echo futurism at every curve.

Tesla uses superior grade lithium-ion batteries providing impressive ranges varied between models enabling hundreds of miles travel without recharging while energy efficient mechanisms facilitate regeneration braking system converting kinetic energy back into stored power upon slowing down ensures minimizing charge loss during drives extending journey duration even further.

For unparalleled convenience stands Tesla’s autopilot innovative offering semi-autonomous capabilities ensuring your ride retains heavenly serenity regardless whether battling peak hour congestion through city streets bustling with crowd or simply enjoying serene smaller town outings aided by Model S apples vs oranges contrasting driver assist packages exceeding rudimentary adaptive cruise controls abound in gasoline-charged counterparts across all categories universally celebrates self-parking feature beside helpful navigate-on-autopilot capability customize lane-changing driving speeds decides optimally based observed stint thereat automatically guides selected interchange turns entry exit sojourn urban stops seeking buildings roads rich detail recommending paths suggest familiarity hovering extra-large gleaming icon brilliantly dominates center dash board sync prevailing environment can personalised extensively location preference crashes if occur certain intervention resume"
